Date,Max Temp (C),Min Temp (C),Mean Temp (C),Rainfall (mm),Mean Humidity (%),Max Humidity (%),Min Humidity (%),Max Wind Speed (km/h),Wind Direction (deg),Pressure (hPa)
2024-11-29,26.9,23.8,25.0,36.1,94,99,83,7.5,136,1007.1
2024-11-30,31.0,23.6,26.6,1.7,87,100,65,9.6,324,1006.1
2024-12-01,30.3,23.7,26.3,10.7,89,100,69,10.1,304,1006.1
2024-12-02,30.5,24.0,26.0,30.3,92,99,72,12.6,114,1006.1
2024-12-03,29.3,23.7,25.7,27.6,92,98,76,7.0,93,1006.7
2024-12-04,28.5,23.7,25.7,12.1,92,99,78,6.9,322,1006.8
2024-12-05,30.3,23.8,26.3,11.3,87,96,66,9.6,349,1006.4
2024-12-06,31.6,24.5,27.8,1.3,80,94,61,6.9,286,1005.6
2024-12-07,32.2,24.3,27.9,0.0,77,88,58,11.2,314,1005.8
2024-12-08,32.5,24.8,27.3,18.5,84,98,57,8.2,24,1006.4
2024-12-09,25.4,24.3,24.8,27.3,97,99,94,11.0,335,1007.1
2024-12-10,26.7,23.6,24.9,24.7,92,99,82,9.7,334,1006.4
2024-12-11,29.7,23.5,26.4,2.2,86,96,71,14.7,323,1005.4
2024-12-12,30.2,23.9,26.7,4.7,84,96,67,12.7,321,1004.7
2024-12-13,29.9,24.4,26.5,4.5,85,96,69,10.9,329,1005.4
2024-12-14,30.8,23.2,26.2,8.2,85,98,65,12.3,335,1006.3
2024-12-15,32.0,24.1,27.7,0.2,81,93,63,9.0,318,1007.0
2024-12-16,31.2,23.6,26.5,28.4,88,98,68,10.1,340,1007.9
2024-12-17,31.0,24.1,26.6,7.1,89,99,68,8.0,303,1007.7
2024-12-18,30.0,23.6,26.3,16.5,90,99,70,7.4,329,1007.7
2024-12-19,30.1,23.8,26.1,35.7,89,99,65,9.1,324,1008.1
2024-12-20,30.4,23.9,25.9,35.2,91,99,69,8.9,234,1007.8
2024-12-21,28.4,23.9,25.6,15.3,92,99,79,7.9,296,1008.0
2024-12-22,29.7,23.7,26.2,5.2,89,99,73,10.3,183,1007.4
2024-12-23,29.3,23.9,25.6,22.5,92,100,75,8.4,262,1007.5
2024-12-24,29.8,23.9,25.8,35.7,90,99,72,10.1,127,1007.3
2024-12-25,27.7,22.8,25.1,13.8,91,98,77,7.0,119,1008.6
2024-12-26,29.1,24.2,26.2,0.8,89,99,70,6.7,125,1009.4
2024-12-27,30.2,23.6,26.1,1.8,87,95,69,11.3,117,1009.4
2024-12-28,31.0,22.7,26.0,21.3,86,98,66,8.0,120,1009.2
2024-12-29,31.2,23.5,26.1,12.8,88,99,65,10.3,43,1008.8
2024-12-30,28.5,23.9,25.8,12.3,90,99,74,9.6,64,1009.5
2024-12-31,29.3,23.4,26.3,12.1,89,98,75,9.9,307,1009.1
2025-01-01,30.8,23.9,26.0,3.9,90,100,68,10.6,160,1007.8
2025-01-02,31.5,23.5,26.8,0.9,84,97,63,8.4,62,1007.3
2025-01-03,30.2,23.9,26.0,8.2,89,96,70,8.3,189,1008.0
2025-01-04,30.2,23.1,26.0,24.3,88,99,70,7.5,147,1007.9
2025-01-05,31.3,23.3,26.4,19.9,85,98,63,12.8,41,1007.8
2025-01-06,30.2,23.5,26.0,28.7,89,99,71,8.7,323,1008.2
2025-01-07,30.1,22.3,25.2,7.3,89,99,71,9.2,307,1009.0
2025-01-08,31.7,23.6,26.6,2.6,85,100,60,7.7,300,1007.9
2025-01-09,31.5,23.5,26.7,1.0,83,99,55,11.4,264,1008.8
2025-01-10,28.5,23.1,25.2,14.1,87,97,73,8.9,88,1010.1
2025-01-11,26.0,22.5,24.2,12.0,93,99,79,7.0,167,1010.5
2025-01-12,28.9,23.3,25.4,11.3,89,99,70,6.0,326,1009.1
2025-01-13,29.4,23.7,25.9,8.8,87,99,68,9.0,236,1008.2
2025-01-14,31.4,23.0,26.0,15.1,86,98,61,13.1,217,1008.5
2025-01-15,30.8,22.7,25.8,32.1,88,100,62,9.4,204,1008.4
2025-01-16,30.3,22.8,25.6,15.6,90,99,69,16.3,299,1008.1
2025-01-17,31.0,23.0,25.9,20.2,89,100,62,9.2,300,1007.7
2025-01-18,29.3,23.7,25.5,17.7,91,99,73,11.4,311,1007.6
2025-01-19,29.8,23.1,25.6,18.2,88,98,68,5.8,72,1006.9
2025-01-20,30.7,23.0,26.5,0.0,83,100,57,9.7,211,1006.5
2025-01-21,30.5,22.8,26.3,1.2,83,99,60,7.5,139,1006.8
2025-01-22,30.8,23.9,26.4,1.7,88,100,63,7.6,27,1007.4
2025-01-23,30.9,23.7,26.1,14.7,88,99,65,8.3,314,1007.2
2025-01-24,29.2,23.0,25.0,17.7,92,99,73,11.6,335,1007.2
2025-01-25,30.3,22.6,25.7,16.6,89,99,68,7.7,162,1007.0
2025-01-26,28.6,23.2,25.3,16.8,92,100,76,6.5,41,1007.3
2025-01-27,30.4,22.5,26.0,9.5,88,100,71,9.7,118,1006.5
2025-01-28,26.6,23.5,24.8,17.1,91,97,86,13.7,109,1008.8
2025-01-29,30.4,22.7,25.4,3.9,82,94,63,13.4,112,1009.8
2025-01-30,30.6,22.5,26.3,0.0,75,90,54,7.1,146,1008.1
2025-01-31,30.0,22.5,25.7,2.2,82,94,64,11.9,349,1007.4
2025-02-01,30.4,23.0,26.3,0.8,83,97,63,10.3,330,1007.1
2025-02-02,30.2,24.0,26.1,0.0,76,92,55,11.9,349,1006.8
2025-02-03,33.1,22.0,26.6,0.0,70,91,36,11.4,316,1006.7
2025-02-04,32.1,22.9,27.3,0.8,72,92,42,8.4,65,1007.6
2025-02-05,29.6,23.3,25.4,15.2,86,98,66,9.1,100,1007.8
2025-02-06,33.2,23.1,27.3,2.1,76,93,47,8.6,48,1006.7
2025-02-07,31.4,23.8,27.1,1.6,80,94,59,11.2,313,1007.3
2025-02-08,33.5,23.7,27.5,5.3,75,95,44,15.2,83,1007.5
2025-02-09,32.1,23.8,27.3,0.2,72,91,45,7.9,74,1007.8
2025-02-10,33.1,24.1,27.7,1.3,73,91,46,6.9,55,1008.2
2025-02-11,33.4,24.2,27.8,4.1,73,88,50,10.6,332,1008.8
2025-02-12,34.0,24.0,28.1,0.9,75,94,47,10.0,82,1009.0
2025-02-13,34.9,24.2,28.6,2.3,73,91,45,15.7,307,1008.4
2025-02-14,33.7,24.5,27.7,8.4,79,94,52,10.4,355,1008.3
2025-02-15,30.0,23.0,25.8,18.2,89,99,73,10.2,309,1008.1
2025-02-16,30.1,23.3,25.7,19.6,89,99,66,9.3,126,1008.5
2025-02-17,31.3,23.1,26.4,6.4,86,99,62,8.0,305,1008.9
2025-02-18,31.1,23.9,26.5,14.8,86,99,61,10.1,106,1009.1
2025-02-19,31.2,22.3,26.3,2.9,81,99,54,9.0,96,1009.0
2025-02-20,32.9,23.6,27.1,2.0,82,97,52,10.5,97,1008.3
2025-02-21,30.1,23.6,26.4,9.2,86,97,68,10.5,4,1009.3
2025-02-22,32.2,23.0,26.3,9.9,85,98,59,9.4,96,1009.2
2025-02-23,31.3,22.7,25.9,31.7,87,100,64,8.9,295,1010.1
2025-02-24,32.0,23.3,26.1,11.9,87,98,59,11.4,190,1009.8
2025-02-25,31.6,23.9,26.9,0.6,81,96,57,13.4,85,1010.5
2025-02-26,30.8,24.2,26.7,13.1,86,99,63,10.5,71,1010.1
2025-02-27,32.0,23.4,26.3,18.6,88,100,59,9.5,54,1009.4
2025-02-28,32.0,23.6,26.2,13.2,89,99,61,12.6,356,1008.5
2025-03-01,32.7,22.7,27.2,1.2,82,100,51,12.6,14,1007.7
2025-03-02,32.2,23.1,27.4,1.0,80,95,53,13.0,317,1006.3
2025-03-03,32.2,23.8,27.7,3.3,80,97,57,10.6,282,1006.3
2025-03-04,32.7,23.5,27.5,22.4,82,100,59,12.7,167,1006.4
2025-03-05,32.0,23.3,26.3,28.3,87,99,64,12.0,342,1006.4
2025-03-06,29.5,23.4,26.0,16.9,89,99,74,8.3,139,1007.9
2025-03-07,32.9,23.7,27.5,0.4,79,94,55,9.4,116,1006.5
2025-03-08,32.3,24.7,27.5,7.6,80,91,58,8.5,109,1006.3
2025-03-09,33.1,25.1,28.0,4.7,78,96,52,10.3,97,1007.4
2025-03-10,32.9,24.3,27.8,8.3,82,96,54,7.2,60,1007.9
2025-03-11,31.3,24.1,27.5,9.0,84,98,60,10.4,348,1007.8
2025-03-12,32.2,24.1,27.1,13.7,84,97,61,9.6,114,1006.9
2025-03-13,31.8,24.0,27.5,3.0,83,97,60,11.9,99,1006.5
2025-03-14,29.1,24.6,26.2,16.3,89,100,73,11.0,304,1008.4
2025-03-15,33.0,23.8,27.2,2.5,81,96,55,11.8,101,1007.9
2025-03-16,32.4,23.5,27.2,1.1,83,99,61,12.5,308,1007.9
2025-03-17,32.3,23.5,27.3,1.0,81,97,56,9.7,217,1007.8
2025-03-18,34.5,24.3,28.5,5.3,73,96,42,12.6,330,1008.4
2025-03-19,34.3,24.2,28.2,4.3,71,93,39,10.3,128,1010.3
2025-03-20,32.1,24.1,27.3,1.3,76,99,45,8.6,111,1011.5
2025-03-21,33.4,23.9,27.7,3.0,74,92,45,12.4,349,1010.7
2025-03-22,32.1,24.5,27.2,8.5,79,98,50,11.8,62,1009.8
2025-03-23,34.6,24.0,26.7,16.9,84,98,46,19.2,352,1009.6
2025-03-24,31.7,24.1,27.1,4.2,84,99,58,8.5,9,1008.3
2025-03-25,30.6,23.5,26.8,6.0,85,99,65,8.7,310,1006.5
2025-03-26,33.1,24.4,28.2,0.5,80,99,55,11.3,295,1004.6
2025-03-27,32.1,23.6,27.1,6.9,83,97,64,16.2,311,1004.9
2025-03-28,29.7,23.2,25.4,22.2,91,98,73,15.2,316,1005.9
2025-03-29,32.6,24.3,27.8,6.1,81,98,54,10.0,310,1005.8
2025-03-30,32.9,24.5,28.0,2.7,79,98,53,11.6,290,1007.1
2025-03-31,31.5,23.5,26.2,20.7,89,99,64,14.0,345,1007.7
2025-04-01,32.1,24.5,27.3,11.4,86,99,67,7.6,322,1007.0
2025-04-02,31.6,23.8,26.5,40.4,87,99,63,12.8,320,1007.5
2025-04-03,31.8,23.5,26.6,19.0,86,98,58,9.6,134,1008.0
2025-04-04,30.1,24.1,26.1,9.4,89,98,73,11.0,8,1008.4
2025-04-05,31.4,24.5,26.8,5.5,87,100,61,10.0,334,1008.0
2025-04-06,31.9,23.8,26.6,25.4,87,99,63,12.5,83,1007.3
2025-04-07,28.8,23.3,25.5,7.2,90,98,77,9.6,127,1009.1
2025-04-08,30.4,24.0,27.1,4.1,83,94,67,10.6,118,1009.2
2025-04-09,31.1,24.2,26.7,18.6,88,97,69,8.2,359,1008.5
2025-04-10,31.3,25.0,27.1,6.6,87,97,68,8.3,335,1006.8
2025-04-11,28.5,23.1,25.4,44.3,90,99,77,13.6,335,1007.5
2025-04-12,31.1,23.8,26.4,5.9,87,95,67,17.6,327,1007.4
2025-04-13,32.3,23.8,26.2,17.1,89,98,65,12.7,347,1007.9
2025-04-14,30.6,23.1,26.8,15.5,87,99,70,8.9,348,1007.4
2025-04-15,32.3,23.9,26.8,36.2,87,98,64,13.5,148,1007.6
2025-04-16,31.5,24.2,26.9,27.3,85,98,63,11.9,343,1007.8
2025-04-17,31.9,24.5,27.6,0.5,81,94,59,11.6,312,1007.4
2025-04-18,32.2,24.9,27.7,8.3,85,95,67,10.8,323,1006.9
2025-04-19,32.5,23.3,26.7,33.7,87,99,58,13.7,343,1006.5
2025-04-20,31.1,22.6,26.0,15.9,86,99,67,10.4,350,1007.8
2025-04-21,31.2,23.4,26.5,10.5,86,96,66,9.8,14,1008.3
2025-04-22,31.1,24.2,27.0,24.8,85,99,62,8.8,147,1008.6
2025-04-23,31.3,23.5,26.5,18.3,87,99,64,9.2,128,1008.3
2025-04-24,31.1,23.5,27.2,9.5,83,99,63,10.3,204,1007.8
2025-04-25,32.5,24.2,28.3,0.3,79,97,58,7.5,209,1007.3
2025-04-26,31.1,24.1,26.8,4.8,87,99,70,10.5,347,1007.9
2025-04-27,33.0,24.4,27.4,2.9,83,98,55,7.6,120,1007.8
2025-04-28,32.7,23.8,26.6,12.6,87,99,61,12.4,32,1007.5
2025-04-29,32.8,22.6,27.1,3.6,83,98,59,10.7,323,1006.7
2025-04-30,31.4,23.4,26.4,11.4,88,99,68,8.8,322,1007.3
2025-05-01,30.5,24.1,26.7,7.0,87,98,68,12.2,324,1007.7
2025-05-02,31.4,23.8,27.2,5.3,86,99,67,9.9,275,1007.2
2025-05-03,30.6,23.8,26.6,16.0,88,98,73,11.8,284,1006.9
2025-05-04,28.1,24.0,25.7,5.4,92,99,80,12.6,317,1006.5
2025-05-05,28.4,23.3,25.9,9.1,90,99,80,11.0,313,1007.0
2025-05-06,32.2,24.5,28.0,1.5,81,94,65,10.3,307,1006.4
2025-05-07,31.6,24.0,27.6,5.7,85,99,65,7.9,142,1006.1
2025-05-08,32.2,24.2,27.4,5.5,86,98,67,10.5,326,1006.2
2025-05-09,31.9,24.3,27.7,8.2,85,99,68,8.6,221,1006.7
2025-05-10,32.9,25.3,27.8,12.5,83,94,64,13.6,71,1006.2
2025-05-11,31.6,24.4,27.4,1.5,85,96,66,13.7,317,1005.8
2025-05-12,32.7,25.0,28.5,0.6,78,94,58,6.0,115,1005.1
2025-05-13,33.0,25.0,28.8,0.3,78,93,59,11.7,124,1005.4
2025-05-14,33.3,25.3,28.8,2.9,78,96,56,15.3,129,1006.5
2025-05-15,34.2,24.9,29.2,0.1,74,93,51,10.3,148,1006.1
2025-05-16,30.5,26.4,28.3,4.1,80,92,69,10.1,120,1006.5
2025-05-17,32.9,25.4,28.9,0.9,78,93,61,8.7,130,1005.9
2025-05-18,30.7,24.6,27.1,12.0,88,99,73,8.1,297,1006.7
2025-05-19,31.0,25.2,26.7,19.2,90,98,70,8.8,117,1006.2
2025-05-20,30.9,24.0,26.5,29.0,89,98,68,13.0,140,1006.1
2025-05-21,31.1,23.9,26.6,19.1,89,99,72,9.1,148,1006.6
2025-05-22,30.9,24.2,27.1,2.9,87,98,71,13.4,322,1006.1
2025-05-23,31.9,25.0,28.1,0.3,81,98,59,10.9,310,1004.8
2025-05-24,32.8,25.3,28.7,0.6,77,91,59,9.7,315,1004.5
2025-05-25,32.6,25.6,28.2,0.9,81,96,62,11.1,332,1006.3
2025-05-26,32.3,23.9,27.9,0.0,78,95,58,9.0,23,1006.8
2025-05-27,33.3,25.6,29.2,0.0,76,92,55,8.7,267,1006.4
2025-05-28,34.1,26.0,29.8,0.0,75,95,53,8.6,160,1005.8
2025-05-29,28.0,25.6,26.7,4.9,84,93,72,10.9,111,1007.8
2025-05-30,31.7,25.0,27.5,2.2,76,88,63,12.2,120,1008.5
2025-05-31,31.5,24.3,27.8,0.8,82,95,65,16.0,163,1009.5
2025-06-01,34.5,25.0,29.2,0.0,68,86,44,12.4,155,1008.6
2025-06-02,32.8,23.6,28.3,1.6,76,92,61,19.5,151,1008.2
2025-06-03,32.3,24.1,28.3,1.5,76,94,58,6.7,154,1007.6
2025-06-04,31.3,24.5,27.8,13.0,82,94,69,8.1,199,1008.4
2025-06-05,31.2,25.5,28.1,4.6,79,91,64,10.8,155,1008.1
2025-06-06,29.9,24.7,26.7,14.5,86,97,71,10.3,294,1008.6
2025-06-07,31.0,24.3,26.9,17.3,87,98,69,10.9,314,1008.3
2025-06-08,31.9,23.6,27.5,1.3,79,98,58,9.4,309,1007.2
2025-06-09,33.0,24.1,28.4,0.0,74,93,54,9.2,300,1006.0
2025-06-10,31.0,24.1,26.9,17.3,85,99,65,16.6,187,1006.4
2025-06-11,32.6,24.6,28.1,0.0,73,90,47,7.8,133,1005.4
2025-06-12,33.0,23.7,28.4,0.0,73,89,53,7.8,172,1005.9
2025-06-13,33.1,25.0,28.9,0.2,74,88,55,12.6,154,1006.7
2025-06-14,33.2,25.1,29.0,0.4,73,90,52,12.4,150,1007.1
2025-06-15,33.1,25.7,28.8,7.0,77,92,57,9.8,147,1006.7
2025-06-16,32.7,23.7,26.6,18.8,85,97,60,16.3,9,1007.9
2025-06-17,30.3,23.5,26.4,16.7,86,98,65,11.1,327,1009.0
2025-06-18,31.9,24.0,27.8,0.0,73,86,56,9.4,335,1008.3
2025-06-19,32.6,24.9,28.5,0.3,74,92,54,8.3,327,1007.5
2025-06-20,27.8,25.2,26.2,2.7,84,90,77,9.8,2,1008.6
2025-06-21,31.3,23.7,27.4,0.2,78,93,58,6.5,160,1007.7
2025-06-22,33.2,24.0,28.2,0.0,74,94,51,9.0,269,1007.5
2025-06-23,33.6,24.6,28.8,0.0,71,86,48,8.1,269,1006.8
2025-06-24,32.8,25.5,28.8,0.0,72,85,55,11.0,154,1007.2
2025-06-25,33.3,25.0,29.0,0.0,71,90,52,13.9,157,1007.5
2025-06-26,33.3,26.1,29.3,0.1,69,82,49,15.5,152,1007.2
2025-06-27,33.7,25.8,29.1,0.1,72,86,52,11.6,143,1007.1
2025-06-28,33.0,24.6,28.4,1.9,73,93,45,15.0,170,1007.4
2025-06-29,35.6,24.1,29.0,0.0,67,91,40,14.3,221,1006.3
2025-06-30,33.1,24.9,29.3,1.6,68,87,49,10.8,212,1006.2
2025-07-01,35.4,25.1,29.9,0.0,66,87,41,11.8,213,1006.5
2025-07-02,33.1,25.9,29.0,0.5,71,85,53,8.6,225,1007.4
2025-07-03,32.8,25.4,28.7,0.5,75,92,55,6.9,173,1007.9
2025-07-04,33.6,24.7,28.7,1.4,72,88,50,12.5,221,1008.4
2025-07-05,35.3,25.1,29.2,0.7,67,84,41,11.7,205,1007.4
2025-07-06,33.9,25.2,29.3,5.2,70,89,52,12.0,160,1007.3
2025-07-07,35.2,26.2,30.2,0.9,61,79,46,12.6,156,1007.3
2025-07-08,34.3,24.6,28.4,7.3,73,88,48,11.4,184,1008.4
2025-07-09,34.1,25.0,29.3,0.1,69,90,46,11.6,220,1007.6
2025-07-10,34.4,24.6,29.3,0.3,67,87,40,14.0,225,1006.1
2025-07-11,35.3,25.5,29.9,0.1,67,92,40,15.0,299,1004.7
2025-07-12,31.8,24.1,27.9,17.3,79,98,59,12.6,161,1006.5
2025-07-13,32.0,24.5,28.0,1.9,80,95,64,8.4,167,1007.2
2025-07-14,31.5,25.4,28.3,0.3,77,90,63,14.9,157,1007.2
2025-07-15,32.5,25.1,28.6,0.2,72,90,54,10.4,162,1006.6
2025-07-16,34.0,25.6,29.5,0.2,68,87,44,11.9,166,1006.3
2025-07-17,34.6,26.4,30.0,0.0,62,83,38,14.5,176,1006.8
2025-07-18,35.6,24.9,30.0,0.0,56,75,34,12.5,211,1006.2
2025-07-19,35.8,25.9,30.6,0.0,55,73,32,18.3,190,1004.7
2025-07-20,35.5,26.4,30.7,0.0,56,74,35,18.8,195,1004.8
2025-07-21,35.1,26.7,30.7,0.0,59,82,40,14.1,198,1005.9
2025-07-22,33.0,25.1,29.0,4.6,68,89,52,14.7,216,1005.8
2025-07-23,34.7,25.9,29.9,0.7,65,85,44,11.7,177,1004.8
2025-07-24,33.3,25.5,29.2,3.3,72,91,54,10.1,176,1005.3
2025-07-25,32.4,23.5,28.0,3.4,75,96,55,11.5,240,1006.7
2025-07-26,32.7,24.0,28.0,5.0,77,95,58,16.9,161,1007.8
2025-07-27,33.3,25.1,28.5,4.0,77,92,56,13.3,206,1007.8
2025-07-28,35.2,24.9,29.5,0.0,70,92,41,13.6,152,1006.6
2025-07-29,35.3,25.5,30.6,0.9,66,90,45,15.8,168,1006.2
2025-07-30,33.6,25.1,29.2,0.5,72,90,52,16.6,156,1007.5
2025-07-31,34.7,26.1,29.8,0.1,70,90,48,11.2,150,1006.6
2025-08-01,34.2,25.9,29.8,0.8,69,86,51,14.3,165,1006.5
2025-08-02,35.1,24.8,29.7,0.0,68,89,42,14.7,149,1006.5
2025-08-03,35.5,25.4,30.0,0.2,65,85,42,13.9,165,1007.5
2025-08-04,33.8,24.0,27.2,30.7,80,97,48,14.3,280,1008.5
2025-08-05,33.4,23.7,27.4,0.2,77,98,43,8.4,130,1008.0
2025-08-06,32.1,23.5,27.7,1.6,80,96,59,10.2,108,1007.5
2025-08-07,32.7,24.5,28.0,3.8,78,93,56,10.1,134,1007.4
2025-08-08,33.2,23.8,27.6,1.4,79,97,52,15.1,155,1008.6
2025-08-09,33.0,24.1,27.8,1.9,80,98,56,12.4,335,1009.1
2025-08-10,28.7,23.3,26.1,7.6,86,98,78,10.5,310,1009.1
2025-08-11,30.2,23.7,26.4,2.6,83,97,67,15.1,307,1008.6
2025-08-12,32.3,23.3,27.7,0.7,78,97,55,8.5,232,1007.2
2025-08-13,31.8,25.2,27.8,0.0,75,87,56,7.8,151,1008.2
2025-08-14,32.4,24.6,27.3,1.0,80,91,60,12.4,133,1007.8
2025-08-15,31.4,22.7,27.0,5.2,80,98,60,11.5,195,1006.3
2025-08-16,32.0,23.7,27.4,2.7,79,98,57,9.9,149,1005.9
2025-08-17,32.7,24.9,28.3,0.1,75,91,51,11.8,149,1006.7
2025-08-18,32.3,24.7,27.9,4.9,75,90,49,10.6,148,1008.2
2025-08-19,30.8,23.7,27.3,1.6,77,89,62,6.5,128,1008.6
2025-08-20,30.9,23.6,27.3,4.8,79,94,65,7.7,144,1008.4
2025-08-21,28.8,22.8,26.3,8.6,81,98,66,10.4,354,1009.2
2025-08-22,33.5,24.0,28.6,0.0,66,91,41,10.4,184,1007.7
2025-08-23,34.4,23.2,28.5,3.1,69,96,41,12.7,289,1007.5
2025-08-24,32.1,23.0,27.1,2.0,77,96,56,12.4,290,1008.2
2025-08-25,32.3,24.4,28.0,0.0,75,90,53,9.2,185,1007.8
2025-08-26,33.8,25.2,28.8,0.2,70,87,46,8.6,167,1007.7
2025-08-27,33.0,23.0,28.5,9.8,72,94,53,12.6,159,1007.5
2025-08-28,28.5,23.4,25.7,18.6,82,98,60,18.2,192,1009.1
2025-08-29,29.7,24.3,26.9,6.5,83,90,72,9.6,308,1008.8
2025-08-30,31.9,24.0,27.6,0.0,76,89,59,11.7,296,1008.1
2025-08-31,31.8,24.6,28.0,0.6,78,92,64,9.2,263,1006.9
2025-09-01,31.3,23.7,27.2,8.8,80,96,61,11.2,158,1006.5
2025-09-02,32.0,24.7,27.4,0.8,83,94,61,8.7,171,1006.8
2025-09-03,30.7,23.8,27.3,4.5,82,97,68,7.6,135,1007.4
2025-09-04,29.1,24.3,26.5,9.0,86,95,74,8.5,188,1007.6
2025-09-05,30.8,24.5,27.0,1.7,81,93,66,8.7,297,1007.8
2025-09-06,32.1,24.0,27.9,2.5,78,98,59,11.3,145,1007.6
2025-09-07,31.5,23.3,27.5,7.0,78,96,57,11.7,152,1007.5
2025-09-08,32.4,24.8,28.3,0.1,75,89,57,10.4,140,1007.2
2025-09-09,29.7,24.3,26.7,1.1,77,97,58,10.9,143,1008.8
2025-09-10,32.6,23.8,27.4,3.1,78,91,58,9.2,158,1008.1
2025-09-11,31.9,24.0,26.9,13.1,83,96,62,11.8,247,1007.9
2025-09-12,30.6,23.6,25.9,9.1,87,98,65,14.4,308,1008.7
2025-09-13,30.0,23.9,26.0,11.7,86,97,63,8.8,285,1009.1
2025-09-14,32.3,23.7,27.8,2.6,78,96,56,12.0,167,1008.4
2025-09-15,31.4,23.4,26.7,5.4,79,97,53,11.3,124,1009.0
2025-09-16,31.0,23.4,27.4,0.7,78,95,59,10.3,165,1008.2
2025-09-17,29.4,22.9,25.9,13.8,85,98,67,12.1,134,1008.3
2025-09-18,31.8,24.0,27.7,0.1,76,90,58,8.9,153,1007.4
2025-09-19,32.2,23.9,27.6,0.0,77,93,54,10.1,155,1008.2
2025-09-20,33.4,24.5,27.8,1.9,78,94,50,10.5,216,1008.1
2025-09-21,33.4,24.4,28.6,0.7,75,96,49,11.0,182,1007.6
2025-09-22,33.4,24.3,28.7,1.0,75,94,48,14.9,199,1008.0
2025-09-23,33.9,24.0,28.7,0.5,72,89,51,10.8,283,1008.0
2025-09-24,35.4,24.6,29.4,0.0,69,96,40,14.8,274,1007.0
2025-09-25,34.7,25.1,29.8,0.1,66,89,42,11.0,272,1007.1
2025-09-26,34.9,26.7,29.9,2.4,67,77,46,10.3,158,1007.4
2025-09-27,33.8,25.4,28.8,2.6,75,92,50,12.4,265,1008.0
2025-09-28,27.5,23.0,25.8,29.2,88,100,79,12.0,322,1008.5
2025-09-29,31.6,24.7,27.3,0.1,78,92,57,12.0,146,1007.7
2025-09-30,32.2,25.2,28.3,0.0,71,85,50,9.2,138,1007.1
2025-10-01,31.4,24.1,26.4,5.5,80,96,61,12.4,141,1008.0
2025-10-02,33.3,22.8,26.8,9.8,81,98,52,14.9,147,1008.4
2025-10-03,28.1,23.5,25.2,19.6,89,100,72,8.5,306,1010.3
2025-10-04,32.2,22.5,27.0,1.7,79,98,52,9.3,233,1009.8
2025-10-05,33.1,24.1,28.2,0.2,75,93,49,11.3,145,1009.7
2025-10-06,31.7,24.8,26.7,13.5,86,95,64,11.7,309,1009.7
2025-10-07,30.4,22.7,26.5,8.3,82,98,62,8.9,293,1010.9
2025-10-08,31.0,23.2,27.2,0.5,77,95,59,10.8,283,1009.6
2025-10-09,32.2,23.9,27.7,0.2,74,93,52,15.5,309,1008.9
2025-10-10,32.2,24.2,27.5,0.9,76,93,52,13.9,293,1008.3
2025-10-11,32.2,24.4,27.9,3.5,76,94,57,11.5,296,1007.7
2025-10-12,28.6,24.5,26.0,17.9,88,95,77,12.0,303,1008.2
2025-10-13,32.6,24.4,27.9,0.0,78,96,56,9.8,144,1006.7
2025-10-14,32.7,25.0,27.9,16.2,78,96,54,9.9,148,1005.8
2025-10-15,34.3,24.7,27.9,10.4,80,91,49,11.5,122,1004.4
2025-10-16,31.5,23.8,26.7,32.5,87,98,68,12.5,321,1005.1
2025-10-17,31.7,24.0,27.1,4.7,85,99,59,9.4,254,1006.0
2025-10-18,32.5,23.7,27.4,12.1,82,98,56,9.0,263,1005.5
2025-10-19,30.9,24.8,27.2,2.6,82,97,61,10.3,306,1004.6
2025-10-20,30.1,23.9,26.2,16.3,87,99,66,16.8,321,1005.4
2025-10-21,32.0,23.5,27.1,2.7,82,96,62,16.8,323,1005.8
2025-10-22,28.6,23.9,25.8,5.7,83,98,67,21.7,321,1007.3
2025-10-23,29.2,23.4,25.1,19.5,87,96,71,15.3,325,1007.4
2025-10-24,28.3,23.4,25.5,18.7,88,99,74,16.5,318,1007.6
2025-10-25,30.6,23.6,26.7,1.1,80,92,63,12.2,310,1007.3
2025-10-26,32.9,24.1,28.0,0.0,74,93,49,9.1,266,1007.2
2025-10-27,32.8,25.3,28.6,0.0,72,89,49,12.6,302,1007.8
2025-10-28,33.2,26.0,28.7,0.1,76,90,53,17.5,299,1008.2
2025-10-29,33.1,25.6,28.7,0.2,73,90,49,17.1,308,1007.9
2025-10-30,32.9,25.2,28.7,1.6,73,94,51,12.7,303,1008.1
2025-10-31,35.4,25.2,29.8,0.0,64,86,38,12.5,304,1008.3
2025-11-01,34.2,25.4,29.8,1.0,68,93,48,11.6,281,1008.4
2025-11-02,34.7,26.8,29.9,0.5,66,78,48,9.4,280,1008.3
2025-11-03,34.4,24.8,29.1,2.7,70,89,46,12.8,302,1008.4
2025-11-04,34.7,24.7,28.7,1.2,71,88,44,16.7,314,1008.0
2025-11-05,34.3,25.7,29.4,0.6,67,89,43,15.0,306,1006.6
2025-11-06,34.4,26.7,29.9,0.2,64,82,43,12.8,307,1006.2
2025-11-07,34.2,25.6,28.9,1.8,69,91,46,18.8,305,1007.0
2025-11-08,36.1,26.5,30.2,0.1,63,82,38,15.8,299,1007.5
2025-11-09,33.0,26.4,29.2,1.6,70,84,53,12.2,301,1007.2
2025-11-10,30.6,22.9,26.9,11.8,81,99,62,14.5,308,1007.8
2025-11-11,29.9,23.5,26.4,5.2,85,95,66,14.0,322,1008.0
2025-11-12,32.0,23.5,26.4,17.7,85,98,60,13.4,328,1008.7
2025-11-13,30.0,23.8,26.0,21.3,89,98,71,11.1,310,1009.2
2025-11-14,31.7,23.1,26.5,1.7,86,98,62,12.3,327,1008.3
2025-11-15,31.5,24.1,26.2,16.1,87,98,61,8.3,30,1008.1
2025-11-16,30.4,23.1,25.8,28.5,88,98,69,8.9,106,1008.5
2025-11-17,30.5,23.8,26.4,13.3,88,99,72,10.3,183,1007.9
2025-11-18,31.0,23.4,26.2,10.5,87,99,67,13.2,342,1007.3
2025-11-19,30.3,24.0,25.5,18.5,91,99,69,18.1,326,1007.2
2025-11-20,28.5,23.1,25.4,17.7,91,100,77,14.5,316,1007.6
2025-11-21,30.0,23.6,26.0,22.1,90,99,72,9.4,299,1007.7
2025-11-22,31.7,24.0,26.5,14.5,87,99,60,10.9,298,1007.2
2025-11-23,29.0,23.7,25.4,20.7,91,97,73,17.5,278,1006.3
2025-11-24,26.9,23.9,24.7,59.7,95,99,86,21.8,261,1005.6
2025-11-25,29.1,23.3,25.3,19.3,92,100,73,15.6,123,1005.5
2025-11-26,31.3,24.0,26.6,6.4,85,96,64,12.9,115,1005.5
2025-11-27,27.3,23.3,24.9,52.0,92,98,82,14.0,89,1006.2
2025-11-28,24.9,21.8,23.4,36.8,94,99,86,20.0,328,1007.8
2025-11-29,30.6,22.6,26.0,0.2,81,96,59,11.3,313,1007.8
