Date,Max Temp (C),Min Temp (C),Mean Temp (C),Rainfall (mm),Mean Humidity (%),Max Humidity (%),Min Humidity (%),Max Wind Speed (km/h),Wind Direction (deg),Pressure (hPa),AvgTemp_0to7,AvgTemp_0to28,GDD_28,TotalRainfall_7,TotalRainfall_28,AvgHumidity_7,AvgHumidity_28
01/04/2024,29.9,24.6,26.8,19.3,91,98,82,13.9,325,1008.3,26.98571429,26.875,752.5,88.3,502.8,76.28571429,89.75
02/04/2024,30.8,24.7,26.9,5.5,90,97,79,10.7,134,1007.3,27.02857143,26.91785714,753.7,74.9,485.9,75.71428571,89.60714286
03/04/2024,31.2,24.8,27.1,19.4,87,96,71,15.3,92,1007.4,26.97142857,26.94285714,754.4,105.9,489.7,75.28571429,89.57142857
04/04/2024,30.3,23.5,26.5,10.2,90,99,75,13.3,290,1007.3,26.87142857,26.94642857,754.5,98.1,496.2,76,89.67857143
05/04/2024,31.8,23.2,26.7,23.5,89,98,74,11.6,252,1006.6,27.02857143,26.95,754.6,88.5,520.9,76.42857143,89.67857143
06/04/2024,31.8,23.5,27.2,5.6,87,99,73,11.1,165,1006.4,27.04285714,26.96071429,754.9,84.2,517.7,75.85714286,89.71428571
07/04/2024,32.3,24.8,27.7,4.8,87,96,69,8.9,170,1005.7,26.98571429,26.91785714,753.7,114.2,522.7,76.14285714,89.89285714
08/04/2024,30.9,24.1,27.1,5.9,87,97,71,12.5,185,1007,26.82857143,26.88214286,752.7,156.8,533.1,76.57142857,90.10714286
09/04/2024,30.7,23.7,26.5,36.5,92,99,80,13.2,291,1007.1,26.9,26.87857143,752.6,169.4,557.5,77,90.14285714
10/04/2024,29.8,24.4,26.4,11.6,93,100,81,11.6,219,1007.9,26.9,26.88214286,752.7,150.9,545.9,76.28571429,90.03571429
11/04/2024,32.2,24.1,27.6,0.6,85,99,62,9.2,155,1007.1,26.81428571,26.88214286,752.7,150.7,552.3,76,90
12/04/2024,31.8,23.8,26.8,19.2,89,100,67,13.4,130,1007.2,26.68571429,26.85714286,752,155.2,567.7,77.28571429,90.21428571
13/04/2024,31.9,24,26.8,35.6,90,99,74,10.9,24,1007.1,26.7,26.88928571,752.9,154.4,562.2,77.42857143,90.21428571
14/04/2024,30.7,24,26.6,47.4,90,99,76,12.5,110,1008.2,26.71428571,26.89642857,753.1,149.8,620.3,77.42857143,90.28571429
15/04/2024,32.5,24.9,27.6,18.5,87,96,65,14.6,91,1008,26.75714286,26.91071429,753.5,130.9,592.7,77.71428571,90.32142857
16/04/2024,30.3,24.2,26.5,18,91,97,81,9.7,16,1007.3,26.61428571,26.9,753.2,154,605.2,78,90.42857143
17/04/2024,28.2,24,25.8,11.4,94,98,86,14.3,163,1007.6,26.67142857,26.90714286,753.4,147.1,624,78.14285714,90.46428571
18/04/2024,29.9,24.8,26.7,5.1,90,98,77,10.5,97,1006.9,26.9,26.94642857,754.5,141.1,626.9,77.57142857,90.35714286
19/04/2024,30.4,24.9,26.9,18.4,90,96,75,10.2,79,1005.8,26.88571429,26.92857143,754,188.3,710.1,77.14285714,90.39285714
20/04/2024,30.4,24.8,26.9,31,92,98,81,11.8,318,1005.9,26.85714286,26.94285714,754.4,176,700.4,77.42857143,90.35714286
21/04/2024,31.5,24.1,26.9,28.5,89,99,74,14.7,330,1006.3,26.88571429,26.95357143,754.7,151.7,675.6,77.28571429,90.28571429
22/04/2024,30.6,24.2,26.6,41.6,92,99,79,8.7,123,1006.3,26.92857143,26.98928571,755.7,126.8,676.7,77.57142857,90.17857143
23/04/2024,31.4,24.1,26.9,11.1,90,98,71,11.9,115,1006,27.12857143,27.025,756.7,87.6,652.9,77.28571429,90.03571429
24/04/2024,31.7,24.8,27.4,5.4,87,95,71,15.8,128,1005.5,27.22857143,27.02857143,756.8,85.8,667.1,76.85714286,90.07142857
25/04/2024,28.8,25.2,26.6,52.3,92,98,83,13,270,1005.7,27.2,26.99642857,755.9,106.3,713.1,77.14285714,90.21428571
26/04/2024,30.4,24.1,26.7,6.1,91,99,78,8.9,338,1005.6,27.2,27.04285714,757.2,88.9,670.3,76.85714286,90.03571429
27/04/2024,31.6,24.6,27.1,6.7,91,100,73,14,158,1005.5,27.24285714,27.04285714,757.2,103.1,671.5,76.71428571,89.96428571
28/04/2024,31.1,24.2,27.2,3.6,90,99,79,17.1,120,1006.6,27.08571429,27.04285714,757.2,107,688.3,76.57142857,90
29/04/2024,32,24.7,28,2.4,87,97,69,8.6,18,1006.4,27.01428571,27.04285714,757.2,118.6,699.7,76.85714286,90
30/04/2024,30.9,24.9,27.6,9.3,89,99,77,11.8,133,1005.5,26.87142857,26.99642857,755.9,146.5,719.3,77.71428571,90.21428571
01/05/2024,30.7,25.2,27.2,25.9,90,98,78,14.2,162,1005,26.72857143,26.97142857,755.2,162.1,735.9,77.57142857,90.25
02/05/2024,29.5,24.3,26.6,34.9,90,97,80,12,110,1005.7,26.61428571,26.98571429,755.6,154.2,725,77.42857143,90.21428571
03/05/2024,30.9,24.9,27,20.3,90,99,76,13.2,141,1006.2,26.65714286,27.02857143,756.8,135.3,693.9,77.71428571,90.14285714
04/05/2024,28.3,24.5,26,10.6,92,98,81,8.7,222,1007.8,26.75714286,27.04642857,757.3,128.7,706.5,77.85714286,90.07142857
05/05/2024,30.7,24.7,26.7,15.2,93,100,81,14.2,108,1006.2,26.9,27.05,757.4,211.8,742,77.42857143,90.07142857
06/05/2024,30.7,25.1,27,30.3,88,95,74,10.6,110,1006.8,26.94285714,27.02142857,756.6,216.4,744.4,77.28571429,90.03571429
07/05/2024,31.4,24,26.6,24.9,89,98,70,16.9,126,1008.1,26.98571429,27,756,217.1,738.6,77.71428571,90.14285714
08/05/2024,30.8,23.8,26.4,18,92,99,83,11.1,96,1007.4,27,26.99642857,755.9,229,740,77.85714286,90.17857143
09/05/2024,30.9,24.1,26.9,16,91,99,82,9.1,159,1006,27.07142857,27.03214286,756.9,225.3,724.8,77.85714286,90
10/05/2024,31.5,24.9,27.7,13.7,89,99,72,10.7,146,1006.5,26.97142857,27.01785714,756.5,297.6,739.7,77.85714286,89.96428571
11/05/2024,30.3,25,27,93.7,92,98,79,12.7,64,1007.8,26.91428571,27.01071429,756.3,292.6,732.2,78.14285714,89.78571429
12/05/2024,31.2,25.1,27,19.8,91,97,74,13.8,128,1007.5,26.94285714,27.00714286,756.2,205.1,642.2,77.71428571,89.60714286
13/05/2024,31.2,24.8,27.3,31,90,98,77,8.7,69,1006.6,27.07142857,27,756,214.9,623.1,77.57142857,89.5
14/05/2024,30.3,24.5,26.7,36.8,92,99,83,13.9,91,1006.9,27.11428571,27.01428571,756.4,201.7,592.1,77,89.21428571
15/05/2024,30.1,24.2,26.9,14.3,91,99,81,16.3,156,1007.2,27.15714286,27.06071429,757.7,190.2,555.3,76.42857143,88.89285714
16/05/2024,29.6,24.3,26.2,88.3,91,98,78,10.5,119,1007.7,27.1,27.08928571,758.5,227.3,549.8,76.42857143,88.60714286
17/05/2024,30.6,25,27.3,8.7,89,99,76,11.5,131,1006.7,27.34285714,27.15,760.2,148.5,461.6,76.42857143,88.21428571
18/05/2024,30.9,24.6,27.2,6.2,90,99,73,16.3,155,1005.9,27.25714286,27.14285714,760,147.1,460.1,76.14285714,88.14285714
19/05/2024,30.7,25.7,27.9,29.6,86,94,72,10.1,138,1004.7,27.24285714,27.13214286,759.7,164.4,466.1,76,88.07142857
20/05/2024,31,25,27.6,17.8,88,96,78,13.1,150,1005.3,27.14285714,27.08214286,758.3,149.8,445.1,76.85714286,88.17857143
21/05/2024,30.6,25,27,25.3,91,98,76,11.5,122,1006.1,27.01428571,27.04285714,757.2,154,431,77.14285714,88.14285714
22/05/2024,29.4,24.8,26.5,51.4,91,97,79,12.2,98,1006.6,27,27.03571429,757,154.6,406.1,77.42857143,87.92857143
23/05/2024,32.5,25,27.9,9.5,87,97,67,14.4,18,1005.8,27.15714286,27.05714286,757.6,118.2,356.7,77.28571429,87.71428571
24/05/2024,29.9,24.5,26.7,7.3,89,96,73,15.3,136,1005.8,27.14285714,26.99642857,755.9,112.5,351.6,77.57142857,87.75
25/05/2024,31.2,24.3,27.1,23.5,92,100,79,8,94,1006.5,27.25714286,26.97857143,755.4,138.1,357.3,77.42857143,87.75
26/05/2024,32.2,25,27.2,15,90,99,67,11,133,1007.4,27.11428571,26.9,753.2,160.7,337.2,76.85714286,87.64285714
27/05/2024,30.3,25.2,26.7,22,93,98,83,13.5,46,1006.6,26.92857143,26.875,752.5,163.3,322.2,77.14285714,87.21428571
28/05/2024,29.2,25.2,26.9,25.9,90,98,80,11.5,100,1006.9,26.88571429,26.9,753.2,165.8,300.2,77,86.67857143
29/05/2024,29.4,25.5,27.6,15,89,96,83,11,149,1006.4,26.82857143,26.92857143,754,166.2,274.8,77.14285714,86.32142857
30/05/2024,30.8,25.4,27.8,3.8,88,99,78,13.7,145,1006.5,26.8,26.93571429,754.2,154,260.4,77.28571429,86
31/05/2024,30.7,25.6,27.5,32.9,88,96,76,14.4,138,1007.2,26.61428571,26.93571429,754.2,181.1,256.6,77.14285714,85.75
01/06/2024,30.2,24.2,26.1,46.1,92,97,78,16.2,103,1009,26.61428571,26.90714286,753.4,154.4,239.2,77.42857143,85.71428571
02/06/2024,28.2,24.4,25.9,17.6,92,96,85,15.6,102,1009.5,26.72857143,26.94285714,754.4,112,195.2,76.28571429,85.5
03/06/2024,29.8,24.2,26.4,24.5,91,99,76,9.5,18,1009.1,26.85714286,26.95714286,754.8,95.1,180.6,75.57142857,85.28571429
04/06/2024,30.4,23.9,26.5,26.3,90,98,76,10.8,139,1009.1,27.04285714,26.95357143,754.7,70.6,158,75.14285714,85
05/06/2024,31.5,24.1,27.4,2.8,87,98,68,10.7,132,1008.9,27.25714286,27,756,44.3,131.7,74,84.57142857
06/06/2024,28.7,24,26.5,30.9,90,99,81,13.3,133,1009.6,27.3,26.99642857,755.9,50.3,129.1,73.42857143,84.14285714
07/06/2024,31.4,24.4,27.5,6.2,84,98,64,8.7,336,1008.4,27.5,26.99642857,755.9,19.5,111.8,72.42857143,83.89285714
08/06/2024,30.6,24.4,26.9,3.7,87,96,73,14.2,343,1007.7,27.44285714,27,756,20.5,110.6,71.85714286,83.78571429
09/06/2024,29.3,24,26.8,0.7,88,96,78,11.6,290,1007.9,27.44285714,27,756,29,119.6,71.85714286,83.78571429
10/06/2024,31.7,24.1,27.7,0,82,97,62,7.7,63,1008.6,27.4,26.98928571,755.7,36.9,126,71.85714286,83.71428571
11/06/2024,31.5,24.6,28,0,83,97,66,7.4,153,1009.1,27.22857143,26.925,753.9,40.6,152.3,72.85714286,83.96428571
12/06/2024,31.2,25,27.7,8.8,83,96,66,10.1,143,1009.8,27.05714286,26.86785714,752.3,41,164.4,73.42857143,84.07142857
13/06/2024,31.8,24,27.9,0.1,80,98,61,11.2,310,1008.8,26.97142857,26.80357143,750.5,34.2,164.2,73.71428571,84.17857143
14/06/2024,29.5,24.9,27.1,7.2,87,93,75,9.3,330,1007.4,26.72857143,26.75,749,38.5,164.5,74.42857143,84.21428571
15/06/2024,29.9,24.3,26.9,12.2,88,96,74,12.3,332,1006.6,26.6,26.71428571,748,44.3,169,74.57142857,84.10714286
16/06/2024,28.6,24.8,26.5,8.6,89,96,79,10.9,297,1007.5,26.31428571,26.72142857,748.2,35.5,156.9,74.71428571,83.89285714
17/06/2024,30.5,23.9,26.5,3.7,87,99,68,9.8,321,1008.4,26.31428571,26.73214286,748.5,26.9,156.4,74.71428571,83.78571429
18/06/2024,30.5,23,26.8,0.4,85,98,69,9.2,332,1007.7,26.44285714,26.75714286,749.2,23.2,153.6,73.42857143,83.64285714
19/06/2024,31,24.1,27.1,2,85,97,72,9.5,24,1006.5,26.57142857,26.78214286,749.9,23.3,153.7,72.42857143,83.46428571
20/06/2024,28.9,23.5,26.2,4.4,88,98,77,14.3,312,1006.5,26.67142857,26.81428571,750.8,21.9,152.1,71.71428571,83.21428571
21/06/2024,28.4,24.5,26.2,13,89,97,76,12.4,297,1007.2,26.9,26.89285714,753,17.5,147.7,70.57142857,82.75
22/06/2024,25.7,23.9,24.9,3.4,89,98,79,15.3,107,1007.7,26.97142857,26.95714286,754.8,20,135.1,69.42857143,82.32142857
23/06/2024,30.3,22.9,26.5,0,78,86,68,15,130,1006.9,27.28571429,27.07857143,758.2,18.7,131.7,69.14285714,81.89285714
24/06/2024,31.2,24.3,27.4,0,78,91,65,14,137,1006.6,27.25714286,27.14642857,760.1,21.7,132,70.28571429,81.85714286
25/06/2024,32.1,23.7,27.7,0.5,80,91,63,14.3,137,1005.4,27.1,27.17142857,760.8,23.6,132,71.42857143,81.82142857
26/06/2024,30.7,25.3,27.8,0.6,80,88,70,10.8,119,1005.7,27.11428571,27.21428571,762,23.1,131.9,71.85714286,81.57142857
27/06/2024,31.6,25,27.8,0,81,93,62,10,142,1006.9,27.04285714,27.25714286,763.2,22.7,131.6,71.57142857,81.28571429
28/06/2024,29.6,24.4,26.7,15.5,87,96,75,9.7,339,1007.9,26.85714286,27.30714286,764.6,36.3,131.7,70.71428571,80.89285714
29/06/2024,30.2,24.6,27.1,2.1,86,99,70,10.7,150,1008.2,26.98571429,27.39642857,767.1,25.8,116.7,70.14285714,80.21428571
30/06/2024,29.5,24.3,26.3,3,86,96,70,12.6,123,1009,26.95714286,27.48214286,769.5,36.4,114.6,69.42857143,79.46428571
01/07/2024,29.7,24.1,26.3,1.9,83,91,71,10.2,6,1008,26.98571429,27.60714286,773,40.5,111.8,69.57142857,78.71428571
02/07/2024,31.9,25,27.8,0,78,93,57,10.6,292,1006.9,26.92857143,27.68928571,775.3,64.9,112.1,70,78.35714286
03/07/2024,31.3,23.4,27.3,0.2,75,94,52,9.8,138,1007.4,26.72857143,27.72857143,776.4,77,113.6,71.57142857,78.25
04/07/2024,29.5,23.4,26.5,13.6,83,94,71,18.8,98,1008.6,26.52857143,27.71428571,776,85.4,114.8,73.14285714,78.25
05/07/2024,31.8,24.3,27.6,5,81,96,59,13,323,1007,26.51428571,27.79285714,778.2,72.2,101.5,73.57142857,77.67857143
06/07/2024,31.1,24.2,26.9,12.7,87,97,69,12.2,323,1005.7,26.3,27.81785714,778.9,78.9,98.9,73.57142857,77.39285714
07/07/2024,30.8,23.3,26.5,7.1,86,98,66,10.6,207,1006.6,26.32857143,27.85714286,780,66.3,101.2,73.14285714,77
08/07/2024,28.7,24.3,25.9,26.3,89,97,72,6.3,146,1007,26.37142857,27.83571429,779.4,67.3,105,72.57142857,77
09/07/2024,30.3,23.8,26.4,12.1,86,98,67,12.2,130,1007.3,26.55714286,27.875,780.5,41.9,87.7,72.14285714,76.71428571
10/07/2024,29.7,23,25.9,8.6,86,98,67,9.6,148,1009.7,26.71428571,27.86071429,780.1,30.3,85.4,71.71428571,76.75
11/07/2024,29.4,22.8,26.4,0.4,81,95,69,16.1,118,1008.4,27.01428571,27.85714286,780,22.1,111.4,70.85714286,76.82142857
12/07/2024,29.4,22.8,26.1,11.7,84,97,71,16.5,95,1007.4,27.3,27.875,780.5,21.7,129.4,70.42857143,76.85714286
13/07/2024,30.7,24.3,27.1,0.1,82,94,68,13.1,135,1005.7,27.57142857,27.91428571,781.6,10.4,128.8,69.14285714,76.82142857
14/07/2024,30,23.6,26.8,8.1,86,96,71,10.1,145,1006.2,27.74285714,27.90357143,781.3,10.3,148.4,68.42857143,76.96428571
15/07/2024,30.5,24.5,27.2,0.9,83,93,68,13.3,152,1006.1,27.97142857,27.84285714,779.6,2.5,209.4,67.14285714,77.14285714
16/07/2024,31.4,24.5,27.5,0.5,80,91,64,16.7,149,1006.2,28.1,27.825,779.1,1.6,216.4,66.28571429,77.14285714
17/07/2024,31.7,24.9,28,0.4,78,87,62,14.2,144,1006.4,28.3,27.825,779.1,1.5,216.9,65.85714286,77.07142857
18/07/2024,32.2,25.2,28.4,0,75,87,59,15.5,144,1007,28.44285714,27.80714286,778.6,1.4,219.5,65.14285714,77.10714286
19/07/2024,31,25.4,28,0.4,77,86,67,17.6,144,1006.6,28.55714286,27.77142857,777.6,1.5,240.4,64.71428571,77.32142857
20/07/2024,32.3,25.2,28.3,0,77,88,62,15.9,145,1006.9,28.72857143,27.71071429,775.9,1.6,254,63.71428571,77.64285714
21/07/2024,32.4,25.6,28.4,0.3,77,86,60,16.9,141,1007.7,28.9,27.62142857,773.4,1.6,273.2,62.42857143,78.10714286
22/07/2024,32.2,24.7,28.1,0,77,88,59,12.3,134,1007.8,29.1,27.58928571,772.5,1.5,284,60.71428571,78.28571429
23/07/2024,33.3,24.8,28.9,0.4,73,92,50,10.8,154,1007.8,29.17142857,27.53214286,770.9,3.7,313,59,78.60714286
24/07/2024,33,25.1,29,0.3,72,87,55,15.2,181,1006.1,29.17142857,27.40357143,767.3,4.8,339.9,59,79.25
25/07/2024,33.3,25.3,29.2,0.1,70,83,53,14.9,151,1004.8,28.87142857,27.27857143,763.8,5.9,346.1,59.42857143,79.71428571
26/07/2024,33.2,25.9,29.2,0.5,68,83,49,17.7,153,1005.7,28.8,27.16785714,760.7,6.1,365,60.14285714,80.28571429
27/07/2024,34,25.6,29.5,0,65,82,49,19.9,146,1006.7,28.67142857,27.04285714,757.2,8,375.7,60,80.96428571
28/07/2024,33.8,26,29.8,0.2,65,80,51,19.6,145,1006.1,28.45714286,26.92857143,754,23,400.4,61.14285714,81.67857143
29/07/2024,32.2,24.3,28.6,2.2,73,90,60,12.9,141,1006.3,27.9,26.76071429,749.3,33.7,421.4,62.71428571,82.57142857
30/07/2024,32.9,25.6,28.9,1.5,75,92,60,13,147,1007.1,27.67142857,26.65,746.2,40.5,440,64.57142857,83.17857143
31/07/2024,28.5,25.3,26.9,1.4,75,91,63,16,163,1009.5,27.25714286,26.51071429,742.3,48.8,506.3,65.42857143,83.71428571
01/08/2024,33.5,24.2,28.7,0.3,67,88,51,17.9,147,1008.9,27.1,26.48214286,741.5,82,509.6,67.14285714,83.85714286
02/08/2024,33.1,25,28.3,2.4,73,87,55,16.1,140,1008.1,26.84285714,26.425,739.9,100.1,509.3,70.14285714,84.17857143
03/08/2024,32.3,24.7,28,15,76,94,52,17,131,1008.4,26.68571429,26.38928571,738.9,108.8,507,71.42857143,84.35714286
04/08/2024,29.5,23.2,25.9,10.9,86,98,66,12.4,192,1009.8,26.51428571,26.34285714,737.6,113.5,495.7,72.42857143,84.60714286
05/08/2024,31.1,23.9,27,9,81,90,66,10.2,125,1008.2,26.4,26.4,739.2,171.7,484.8,72.42857143,84.46428571
06/08/2024,28.9,23.5,26,9.8,87,98,73,8.9,285,1008.2,26.35714286,26.40714286,739.4,170.6,481.6,73.85714286,84.53571429
07/08/2024,29.6,23.3,25.8,34.6,88,96,70,13.2,41,1008.7,26.57142857,26.46071429,740.9,161.8,480,73.28571429,84.42857143
08/08/2024,31.7,24.1,26.9,18.4,82,97,60,15.3,144,1008.4,26.81428571,26.50714286,742.2,130.2,450.3,71.85714286,84.28571429
09/08/2024,30.6,24.7,27.2,11.1,83,94,69,19.3,143,1007.8,26.88571429,26.50714286,742.2,132.7,440,71.42857143,84.46428571
10/08/2024,30.6,24.5,26.8,19.7,86,97,71,11.4,135,1007.3,26.75714286,26.50714286,742.2,135.6,439.2,71.14285714,84.57142857
11/08/2024,27.6,23.2,25.1,69.1,91,97,79,10.8,134,1007.3,26.61428571,26.50714286,742.2,135.1,476.8,71.14285714,84.57142857
12/08/2024,30.8,23.2,26.7,7.9,83,96,65,8.7,199,1006.7,26.95714286,26.575,744.1,77.1,411,71,84.28571429
13/08/2024,32,23.5,27.5,1,78,94,59,11.7,140,1006.5,26.92857143,26.56071429,743.7,98.2,416.7,70.85714286,84.39285714
14/08/2024,32,24.2,27.5,3,79,94,55,14.9,133,1006.8,26.61428571,26.50714286,742.2,124.5,422.4,72,84.78571429
15/08/2024,32.2,24.2,27.4,20.9,81,95,58,12.9,122,1006.2,26.32857143,26.49642857,741.9,128,421.4,73.71428571,85
16/08/2024,31,22.9,26.3,14,86,99,69,17.4,124,1006.7,26.14285714,26.45714286,740.8,126.1,421.1,74.28571429,85.17857143
17/08/2024,30,23.7,25.8,19.2,90,98,72,10.8,119,1007.3,26.05714286,26.44642857,740.5,123.3,414.9,74.28571429,85.28571429
18/08/2024,31.9,24.3,27.5,11.1,82,96,58,15.1,135,1007.3,26.12857143,26.48928571,741.7,128.8,395.7,73.85714286,85.03571429
19/08/2024,29.6,23.8,26.5,29,86,97,69,11.1,181,1007.5,25.78571429,26.45357143,740.7,138.9,397.2,74.28571429,85.17857143
20/08/2024,28,23.4,25.3,27.3,91,99,79,11.5,318,1009.3,25.64285714,26.45357143,740.7,130.7,384.1,74.85714286,85.28571429
21/08/2024,29.4,22.3,25.5,6.5,85,96,70,13.4,55,1009,25.6,26.46785714,741.1,171.2,378.5,74.71428571,85.28571429
22/08/2024,30,23.4,26.1,19,86,97,69,8.7,97,1008.7,25.68571429,26.48571429,741.6,169.4,385.7,75.42857143,85.42857143
23/08/2024,29.1,23.6,25.7,11.2,87,96,71,14.6,243,1009.8,25.82857143,26.51785714,742.5,150.4,370.1,74.42857143,85.35714286
24/08/2024,30.4,23.6,26.3,24.7,85,97,67,12.1,229,1009.8,26.05714286,26.575,744.1,139.3,362,72.85714286,85.25
25/08/2024,28.6,23.7,25.1,21.2,90,96,78,11.6,341,1009.2,26.11428571,26.59642857,744.7,118.3,345.1,71.85714286,85.32142857
26/08/2024,29.2,23.3,25.5,20.8,90,98,76,10.9,285,1008.7,26.45714286,26.69285714,747.4,97.1,323.9,70.85714286,85
27/08/2024,29.1,23,25,67.8,90,98,76,18.3,235,1009.6,26.7,26.775,749.7,82.1,307.4,69.71428571,84.64285714
28/08/2024,30.5,22.7,26.1,4.7,79,96,58,10.8,336,1009.3,27.05714286,26.83571429,751.4,22.5,249.9,68.71428571,84.5
29/08/2024,30.8,23.8,27.1,0,76,88,59,10.4,129,1008.2,27.2,26.86071429,752.1,22.7,253.5,69.42857143,84.67857143
30/08/2024,31.3,24.3,27.3,0.1,78,91,64,13.8,138,1007.8,27.17142857,26.78214286,749.9,30.8,297.9,70.57142857,85.21428571
31/08/2024,29.8,23.7,26.7,3.7,83,92,71,11.1,126,1008.1,27.15714286,26.76428571,749.4,41,304.9,71.85714286,85.42857143
01/09/2024,31.4,24.3,27.5,0,82,97,64,9,323,1007,27.17142857,26.76428571,749.4,94.6,308.5,72.28571429,85.46428571
02/09/2024,31.4,23.8,27.2,5.8,83,92,66,8.2,117,1007.2,27.1,26.71428571,748,97.9,315.9,72.85714286,85.75
03/09/2024,31.5,23,27.5,8.2,84,97,71,9.5,158,1008.1,26.97142857,26.68214286,747.1,105.7,322.8,72.85714286,85.96428571
04/09/2024,30.7,23.9,27.1,4.9,84,96,71,12.4,293,1007.8,26.75714286,26.62857143,745.6,104.2,331.5,73.14285714,86.14285714
05/09/2024,30.9,23.7,26.9,8.1,87,98,68,11.5,334,1006.7,26.77142857,26.63571429,745.8,101.3,345.8,73.85714286,86.07142857
06/09/2024,30.5,24.2,27.2,10.3,86,98,70,10.4,132,1006.7,26.68571429,26.60357143,744.9,113.8,364.9,73.57142857,86.17857143
07/09/2024,30.2,24.3,26.8,57.3,86,95,72,14.2,146,1007.9,26.51428571,26.55714286,743.6,111.3,390.6,73.57142857,86.25
08/09/2024,30.6,23.8,27,3.3,83,95,69,12,142,1008.9,26.54285714,26.51071429,742.3,54,343.6,74,86.42857143
09/09/2024,29.6,23.5,26.3,13.6,86,97,68,14.9,8,1008.2,26.47142857,26.46428571,741,63.3,354.1,74,86.64285714
10/09/2024,29.5,23.6,26,6.7,89,99,72,11,248,1008.1,26.5,26.48214286,741.5,65.6,342.9,74,86.57142857
11/09/2024,30.7,24.7,27.2,2,85,94,71,10.6,317,1008.3,26.45714286,26.525,742.7,80.6,337.9,74,86.28571429
12/09/2024,30,23.5,26.3,20.6,86,97,71,12.2,317,1009.2,26.28571429,26.52857143,742.8,92.3,335.9,74.85714286,86.17857143
13/09/2024,29.5,24.1,26,7.8,89,97,75,14.1,321,1008.5,26.38571429,26.52857143,742.8,75.1,337.3,75.28571429,86.32142857
14/09/2024,30.8,23.9,27,0,83,97,63,9.4,166,1006.7,26.57142857,26.53214286,742.9,70.4,345.4,74.57142857,86.42857143
15/09/2024,29.9,23.4,26.5,12.6,86,98,72,7.9,156,1006.7,26.55714286,26.48571429,741.6,78.2,377.8,74.71428571,86.71428571
16/09/2024,29.3,23.9,26.5,15.9,89,99,77,9,298,1006.6,26.74285714,26.47857143,741.4,65.6,402.8,74.85714286,86.78571429
17/09/2024,29.1,24.1,25.7,21.7,91,98,77,19.4,318,1005.9,26.92857143,26.49642857,741.9,54,393.7,73.71428571,86.67857143
18/09/2024,29.7,23.5,26,13.7,89,96,72,14.5,298,1004.8,27.07142857,26.5,742,42.6,385.9,72.14285714,86.64285714
19/09/2024,31,22.9,27,3.4,84,99,65,10,188,1004.6,27.18571429,26.52857143,742.8,37.2,373.5,71.71428571,86.5
20/09/2024,30.9,24.7,27.3,3.1,84,95,65,11.5,194,1005.2,26.88571429,26.49642857,741.9,78.2,380.9,71.71428571,86.57142857
21/09/2024,29.6,24.5,26.9,7.8,87,95,72,7.4,327,1006.3,26.81428571,26.48214286,741.5,82.2,377.9,72.71428571,86.5
22/09/2024,31.6,24.9,27.8,0,81,97,64,8.8,122,1006.1,26.78571429,26.49642857,741.9,81.7,372.1,72.28571429,86.21428571
23/09/2024,32.4,24.5,27.8,4.3,80,93,63,14.5,101,1006.9,26.54285714,26.46071429,740.9,89.1,375.4,72.71428571,86.28571429
24/09/2024,30.4,24.4,26.7,10.3,86,96,72,11.4,325,1008.2,26.32857143,26.46071429,740.9,97.5,371.1,74.14285714,86.14285714
25/09/2024,31,24.3,26.8,8.3,84,96,63,12.2,103,1008.3,26.22857143,26.51428571,742.4,104.1,360.8,74.57142857,85.92857143
26/09/2024,27,23.3,24.9,44.4,91,95,78,11.2,131,1008.8,26.3,26.56071429,743.7,115,352.5,75.28571429,85.78571429
27/09/2024,30.8,23.9,26.8,7.1,84,96,65,10.9,124,1007.4,26.45714286,26.64285714,746,97.8,310.5,74,85.53571429
28/09/2024,31.7,23.1,26.7,7.3,84,100,65,14.6,150,1007.4,26.32857143,26.625,745.5,126.7,310.7,74.85714286,85.71428571
29/09/2024,30.4,23.4,26.1,7.4,90,100,77,9.1,344,1008.3,26.15714286,26.60357143,744.9,129.7,304.5,75.42857143,85.78571429
30/09/2024,30.2,23.5,26.3,12.7,89,99,77,9.6,230,1008.1,26.1,26.62142857,745.4,136.1,298.2,75.57142857,85.64285714
01/10/2024,29.8,22.7,26,16.9,89,100,76,11.4,310,1007.8,26.17142857,26.64285714,746,125.8,291.8,75.57142857,85.39285714
02/10/2024,31.7,24.2,27.3,19.2,82,95,60,10.8,94,1007.7,26.34285714,26.69642857,747.5,110.6,275.1,74.85714286,85.10714286
03/10/2024,29.7,23.7,26,27.2,90,99,78,14.4,75,1008.5,26.34285714,26.70714286,747.8,91.4,255.9,74.71428571,85.14285714
04/10/2024,30.4,22.7,25.9,36,88,99,70,12.2,337,1008.3,26.38571429,26.75714286,749.2,86.2,229.9,73.57142857,84.92857143
05/10/2024,28.3,23.3,25.5,10.3,91,99,81,11.1,178,1008.3,26.41428571,26.79642857,750.3,66.1,195,73.85714286,84.82142857
06/10/2024,28.1,23.4,25.7,13.8,89,99,75,8.7,186,1008.8,26.44285714,26.83571429,751.4,88.2,187.8,74,84.60714286
07/10/2024,30.9,23.4,26.8,2.4,84,98,65,11.4,138,1008.9,26.52857143,26.87142857,752.4,112,181.8,74.28571429,84.46428571
08/10/2024,30.9,23.9,27.2,1.7,81,94,64,11.5,142,1008.7,26.55714286,26.83928571,751.5,116.4,191.8,74.85714286,84.64285714
09/10/2024,30.9,24.1,27.3,0,82,94,66,11.3,58,1007.5,26.35714286,26.81428571,750.8,128.6,193.5,75.57142857,84.75
10/10/2024,30.3,23.9,26.3,22,90,100,73,8.9,270,1007.2,26.28571429,26.77857143,749.8,129.9,198,76.71428571,84.89285714
11/10/2024,29.7,23.8,26.1,15.9,92,98,80,14,324,1007.3,26.25714286,26.79285714,750.2,118.7,190.1,76,84.75
12/10/2024,28.9,23.8,25.7,32.4,91,97,77,12.8,122,1007.6,26.37142857,26.79285714,750.2,102.9,175.4,75.14285714,84.64285714
13/10/2024,29.9,24,26.3,37.6,88,97,71,8.6,189,1007.8,26.6,26.81785714,750.9,72.5,154,73.85714286,84.5
14/10/2024,31,23.9,27,6.8,86,97,65,9.1,175,1007.4,26.67142857,26.82142857,751,38.2,126,72.57142857,84.5
15/10/2024,28.4,23.9,25.8,13.9,90,99,78,8.4,294,1008.9,26.78571429,26.78571429,750,31.4,141.5,72.14285714,84.67857143
16/10/2024,30.2,24,26.8,1.3,85,98,69,10.4,318,1009,27.12857143,26.81071429,750.7,17.5,134.5,70.14285714,84.64285714
17/10/2024,28.7,24.7,26.1,10.8,86,96,71,9.5,277,1008.7,27.31428571,26.81071429,750.7,16.2,141.2,69.42857143,84.71428571
18/10/2024,29.4,24.8,26.9,0.1,82,93,70,8.4,53,1008.2,27.47142857,26.83214286,751.3,7.8,173.5,68.57142857,84.78571429
19/10/2024,30.6,23.7,27.3,2,79,91,67,10.6,109,1008.4,27.38571429,26.80357143,750.5,15,205.8,68.85714286,85.03571429
20/10/2024,30.8,23.9,26.8,3.3,83,97,64,12.2,98,1009.3,27.21428571,26.76071429,749.3,14.1,220.5,70.28571429,85.35714286
21/10/2024,31.9,23.6,27.8,0,76,86,59,9.5,319,1008.7,27.18571429,26.725,748.3,11.9,231,70.71428571,85.64285714
22/10/2024,32.1,24.9,28.2,0,80,91,62,11.3,316,1007.9,27.05714286,26.67142857,746.8,18.2,243.3,72.14285714,86.07142857
23/10/2024,32.3,25.2,28.1,0,80,93,59,11.4,316,1008,26.95714286,26.575,744.1,18.4,257.3,72.42857143,86.57142857
24/10/2024,31.1,24.5,27.2,2.4,84,93,66,15.2,325,1007.9,26.88571429,26.49642857,741.9,18.4,277.7,72.57142857,87.03571429
25/10/2024,29.2,24.6,26.3,7.3,89,96,79,18.1,314,1008.5,26.91428571,26.45357143,740.7,17.2,310,72.42857143,87.32142857
26/10/2024,30.1,23.9,26.1,1.1,86,97,71,19.4,328,1007.7,27.01428571,26.42857143,740,11,325.1,71.71428571,87.46428571
27/10/2024,30.4,23.8,26.6,1.1,86,98,72,18.3,322,1006.8,27.08571429,26.42857143,740,13,351.1,71.57142857,87.64285714
28/10/2024,31,24,26.9,6.3,82,92,71,14.6,329,1006.5,27.1,26.44285714,740.4,19.7,356.4,71.42857143,87.64285714
29/10/2024,31.6,24.2,27.5,0.2,81,93,62,12.6,320,1007.4,26.95714286,26.41428571,739.6,25.8,355,71.85714286,88
30/10/2024,31.8,24.3,27.6,0,83,96,64,12.3,313,1008,26.81428571,26.37142857,738.4,29,370.4,73,88.35714286
31/10/2024,31.5,23.9,27.4,1.2,84,98,65,13.3,311,1008.3,26.62857143,26.29642857,736.3,33.5,394.1,73.14285714,88.67857143
01/11/2024,30.4,24.4,27,1.1,85,97,69,17.4,318,1008.5,26.52857143,26.23214286,734.5,46.4,435.4,73.42857143,88.92857143
02/11/2024,30,24.7,26.6,3.1,85,92,69,16.1,314,1009,26.4,26.16071429,732.5,46.5,470.4,73.57142857,89.25
03/11/2024,30.7,23.8,26.7,7.8,85,97,67,14.5,324,1008,26.37142857,26.16071429,732.5,54.4,469,74.14285714,89.32142857
04/11/2024,28.7,23.2,25.9,12.4,89,96,81,11.2,313,1008,26.32857143,26.14642857,732.1,56.2,471.9,74.42857143,89.46428571
05/11/2024,29.8,23.8,26.5,3.4,84,94,71,8.4,274,1007.9,26.34285714,26.15,732.2,66.1,489.8,74.28571429,89.57142857
06/11/2024,29.8,23.4,26.3,4.5,86,98,75,12.8,322,1008.6,26.34285714,26.12142857,731.4,69.6,514,75.28571429,89.85714286
07/11/2024,30.8,23.8,26.7,14.1,86,98,68,14.5,281,1008.5,26.41428571,26.1,730.8,73.1,521.6,75.71428571,90.07142857
08/11/2024,28.9,23.5,26.1,1.2,89,100,74,11.1,257,1008.5,26.41428571,26.08571429,730.4,102.1,518.8,75.85714286,90.10714286
09/11/2024,29.3,24,26.4,11,87,95,74,12.4,315,1007.9,26.41428571,26.14642857,732.1,133.3,518.9,75.71428571,89.78571429
10/11/2024,29.8,24.3,26.4,9.6,88,97,72,15.1,319,1008.2,26.37142857,26.2,733.6,139,507.9,76,89.42857143
11/11/2024,28.8,24.6,26,22.3,91,96,74,9.3,51,1007.7,26.28571429,26.23214286,734.5,143.2,516.8,76,89.28571429
12/11/2024,30.1,23.7,26.5,6.9,89,99,77,9.1,282,1007.5,26.32857143,26.18928571,733.3,133.2,521.8,76,89.5
13/11/2024,32.2,23.8,26.8,8,87,97,61,9.7,61,1006.6,26.18571429,26.13214286,731.7,140.3,539.6,75.85714286,89.60714286
14/11/2024,31.6,24.3,26.7,43.1,88,99,64,9.6,158,1007,26.05714286,26.11785714,731.3,152.7,533.8,76.85714286,89.57142857
15/11/2024,31.3,23.1,26.1,32.4,89,99,65,9.3,262,1007.3,25.95714286,26.11785714,731.3,144.3,495.4,77.57142857,89.42857143
16/11/2024,31.5,23.8,26.1,16.7,88,98,64,14.4,357,1006.7,25.88571429,26.13214286,731.7,134.3,467.5,78,89.28571429
17/11/2024,29.8,23.3,25.8,13.8,91,100,74,9,327,1006.4,25.88571429,26.13571429,731.8,144.7,459,78.71428571,89.17857143
18/11/2024,31.8,23.1,26.3,12.3,88,100,61,9.2,73,1006,26.05714286,26.20357143,733.7,137.3,445.4,78.71428571,88.82142857
19/11/2024,27.1,24.3,25.5,14,94,99,80,9.6,321,1007,26.02857143,26.21071429,733.9,129.9,461.5,78.42857143,88.82142857
20/11/2024,30,23.7,25.9,20.4,93,100,74,5.1,312,1006,26.14285714,26.25,735,131.5,454.6,78.14285714,88.64285714
21/11/2024,28.4,24,26,34.7,92,99,78,6.6,325,1005.8,26.08571429,26.26428571,735.4,134.8,450.7,77.85714286,88.53571429
22/11/2024,28.8,24.1,25.6,22.4,93,99,79,9.1,114,1006.4,26.02857143,26.26785714,735.5,142.6,451.7,77.85714286,88.42857143
23/11/2024,30,24.2,26.1,27.1,91,97,74,7.5,1,1006.5,25.94285714,26.27857143,735.8,156.3,464.5,77.57142857,88.35714286
24/11/2024,32.1,24,27,6.4,86,100,60,9.1,61,1006.3,26.01428571,26.26071429,735.3,130.9,452.7,78,88.39285714
25/11/2024,28.8,24,26.1,4.9,92,98,78,5.4,125,1006,25.91428571,26.23214286,734.5,135.2,451.5,78.14285714,88.5
26/11/2024,30.5,24.2,26.3,15.6,91,100,70,14.2,327,1005.6,25.9,26.21428571,734,160.6,469.1,77.71428571,88.5
27/11/2024,27.9,23.9,25.5,23.7,92,99,78,6.6,347,1006.2,25.81428571,26.19642857,733.5,172.6,489.2,77.85714286,88.46428571
28/11/2024,30.7,23.6,25.6,42.5,91,99,66,9.4,110,1006.4,25.84285714,26.18214286,733.1,161,479.3,77.85714286,88.42857143
29/11/2024,26.9,23.8,25,36.1,94,99,83,7.5,136,1007.1,25.94285714,26.20357143,733.7,129.8,437.6,78,88.35714286
30/11/2024,31,23.6,26.6,1.7,87,100,65,9.6,324,1006.1,26.34285714,26.24285714,734.8,95,403.3,77,88.10714286
01/12/2024,30.3,23.7,26.3,10.7,89,100,69,10.1,304,1006.1,26.52857143,26.22142857,734.2,93.3,422.9,76,88.07142857
02/12/2024,30.5,24,26,30.3,92,99,72,12.6,114,1006.1,26.67142857,26.21428571,734,101.1,425,74.28571429,88.03571429
03/12/2024,29.3,23.7,25.7,27.6,92,98,76,7,93,1006.7,26.5,26.20714286,733.8,98.1,407,73.14285714,87.96428571
04/12/2024,28.5,23.7,25.7,12.1,92,99,78,6.9,322,1006.8,26.38571429,26.22857143,734.4,95.2,391.5,73.85714286,87.85714286
05/12/2024,30.3,23.8,26.3,11.3,87,96,66,9.6,349,1006.4,26.48571429,26.23928571,734.7,85.3,383.3,73.85714286,87.78571429
06/12/2024,31.6,24.5,27.8,1.3,80,94,61,6.9,286,1005.6,26.54285714,26.25714286,735.2,78.7,372.9,73.71428571,87.67857143
07/12/2024,32.2,24.3,27.9,0,77,88,58,11.2,314,1005.8,26.35714286,26.19285714,733.4,81.9,379.8,74.28571429,88
08/12/2024,32.5,24.8,27.3,18.5,84,98,57,8.2,24,1006.4,26.11428571,26.125,731.5,90.1,404.1,75.42857143,88.39285714
09/12/2024,25.4,24.3,24.8,27.3,97,99,94,11,335,1007.1,26.17142857,26.09285714,730.6,71.8,405.5,75.57142857,88.42857143
10/12/2024,26.7,23.6,24.9,24.7,92,99,82,9.7,334,1006.4,26.41428571,26.13571429,731.8,72.9,406.9,73.28571429,88.14285714
11/12/2024,29.7,23.5,26.4,2.2,86,96,71,14.7,323,1005.4,26.65714286,26.14642857,732.1,55.3,389.5,72.71428571,88.03571429
12/12/2024,30.2,23.9,26.7,4.7,84,96,67,12.7,321,1004.7,26.64285714,26.15357143,732.3,69.6,389.9,73.14285714,88
13/12/2024,29.9,24.4,26.5,4.5,85,96,69,10.9,329,1005.4,26.55714286,26.15357143,732.3,100.6,386.2,74,87.96428571
14/12/2024,30.8,23.2,26.2,8.2,85,98,65,12.3,335,1006.3,26.47142857,26.10714286,731,131.3,395.8,74.57142857,88.03571429
15/12/2024,32,24.1,27.7,0.2,81,93,63,9,318,1007,26.38571429,26.03571429,729,138.4,399.6,75.42857143,88.32142857
16/12/2024,31.2,23.6,26.5,28.4,88,98,68,10.1,340,1007.9,26.17142857,25.95357143,726.7,143.4,410.7,77,88.60714286
17/12/2024,31,24.1,26.6,7.1,89,99,68,8,303,1007.7,26.04285714,25.93214286,726.1,137.5,391.1,77.14285714,88.57142857
18/12/2024,30,23.6,26.3,16.5,90,99,70,7.4,329,1007.7,25.92857143,25.91071429,725.5,166.1,399.1,77.57142857,88.46428571
19/12/2024,30.1,23.8,26.1,35.7,89,99,65,9.1,324,1008.1,25.75714286,25.89285714,725,163.4,414.7,77.57142857,88.39285714
20/12/2024,30.4,23.9,25.9,35.2,91,99,69,8.9,234,1007.8,25.77142857,25.875,724.5,128.5,394.6,77.85714286,88.42857143
21/12/2024,28.4,23.9,25.6,15.3,92,99,79,7.9,296,1008,25.8,25.875,724.5,95.1,379.6,77.57142857,88.35714286
22/12/2024,29.7,23.7,26.2,5.2,89,99,73,10.3,183,1007.4,25.85714286,25.87142857,724.4,101.1,382,76.85714286,88.32142857
23/12/2024,29.3,23.9,25.6,22.5,92,100,75,8.4,262,1007.5,25.84285714,25.85,723.8,108.7,395,76.42857143,88.28571429
24/12/2024,29.8,23.9,25.8,35.7,90,99,72,10.1,127,1007.3,25.87142857,25.88214286,724.7,98.5,372.5,75.85714286,87.96428571
25/12/2024,27.7,22.8,25.1,13.8,91,98,77,7,119,1008.6,25.94285714,25.9,725.2,74.9,338,75.85714286,87.71428571
26/12/2024,29.1,24.2,26.2,0.8,89,99,70,6.7,125,1009.4,26.07142857,25.94642857,726.5,65,325.9,75.57142857,87.60714286
27/12/2024,30.2,23.6,26.1,1.8,87,95,69,11.3,117,1009.4,26.15714286,25.94285714,726.4,65.1,339.8,75.71428571,87.57142857
28/12/2024,31,22.7,26,21.3,86,98,66,8,120,1009.2,26.14285714,25.90357143,725.3,71.5,355.7,75.28571429,87.75
29/12/2024,31.2,23.5,26.1,12.8,88,99,65,10.3,43,1008.8,26.14285714,25.89285714,725,74.5,351,75.71428571,87.85714286
30/12/2024,28.5,23.9,25.8,12.3,90,99,74,9.6,64,1009.5,26.18571429,25.86428571,724.2,81.6,355,75.71428571,88
31/12/2024,29.3,23.4,26.3,12.1,89,98,75,9.9,307,1009.1,26.21428571,25.87142857,724.4,98,352.2,75,87.92857143
01/01/2025,30.8,23.9,26,3.9,90,100,68,10.6,160,1007.8,26.05714286,25.81785714,722.9,93.2,357.2,75,88
02/01/2025,31.5,23.5,26.8,0.9,84,97,63,8.4,62,1007.3,26.14285714,25.79642857,722.3,91.9,357.2,74.85714286,87.71428571
03/01/2025,30.2,23.9,26,8.2,89,96,70,8.3,189,1008,26.12857143,25.77857143,721.8,92,356.3,75,87.39285714
04/01/2025,30.2,23.1,26,24.3,88,99,70,7.5,147,1007.9,26.01428571,25.76785714,721.5,97.9,350.3,74.14285714,87.14285714
05/01/2025,31.3,23.3,26.4,19.9,85,98,63,12.8,41,1007.8,25.75714286,24.83928571,695.5,85.6,326,74,84
06/01/2025,30.2,23.5,26,28.7,89,99,71,8.7,323,1008.2,25.61428571,23.89642857,669.1,77,306.1,75.14285714,80.96428571
07/01/2025,30.1,22.3,25.2,7.3,89,99,71,9.2,307,1009,25.6,22.96785714,643.1,57.1,277.4,75.14285714,77.78571429
08/01/2025,31.7,23.6,26.6,2.6,85,100,60,7.7,300,1007.9,25.71428571,22.06785714,617.9,64.9,270.1,74.85714286,74.60714286
09/01/2025,31.5,23.5,26.7,1,83,99,55,11.4,264,1008.8,25.6,21.11785714,591.3,94.4,267.5,75,71.57142857
10/01/2025,28.5,23.1,25.2,14.1,87,97,73,8.9,88,1010.1,25.44285714,20.16428571,564.6,109,266.5,75.71428571,68.60714286
11/01/2025,26,22.5,24.2,12,93,99,79,7,167,1010.5,25.54285714,19.26428571,539.4,115.1,252.4,76.14285714,65.5
12/01/2025,28.9,23.3,25.4,11.3,89,99,70,6,326,1009.1,25.72857143,18.4,515.2,120.8,240.4,75.57142857,62.17857143
13/01/2025,29.4,23.7,25.9,8.8,87,99,68,9,236,1008.2,25.75714286,17.49285714,489.8,127.7,229.1,75.85714286,59
14/01/2025,31.4,23,26,15.1,86,98,61,13.1,217,1008.5,25.84285714,16.56785714,463.9,118.9,220.3,76,55.89285714
15/01/2025,30.8,22.7,25.8,32.1,88,100,62,9.4,204,1008.4,25.88571429,15.63928571,437.9,105,205.2,75.57142857,52.82142857
16/01/2025,30.3,22.8,25.6,15.6,90,99,69,16.3,299,1008.1,25.97142857,14.71785714,412.1,74.6,173.1,74.85714286,49.67857143
17/01/2025,31,23,25.9,20.2,89,100,62,9.2,300,1007.7,26.04285714,13.80357143,386.5,73.7,157.5,74.57142857,46.46428571
18/01/2025,29.3,23.7,25.5,17.7,91,99,73,11.4,311,1007.6,25.91428571,12.87857143,360.6,71.2,137.3,74.42857143,43.28571429
19/01/2025,29.8,23.1,25.6,18.2,88,98,68,5.8,72,1006.9,25.94285714,11.96785714,335.1,70.1,119.6,74.57142857,40.03571429
20/01/2025,30.7,23,26.5,0,83,100,57,9.7,211,1006.5,25.9,11.05357143,309.5,68.7,101.4,74.71428571,36.89285714
21/01/2025,30.5,22.8,26.3,1.2,83,99,60,7.5,139,1006.8,25.82857143,10.10714286,283,78.2,101.4,76,33.92857143
22/01/2025,30.8,23.9,26.4,1.7,88,100,63,7.6,27,1007.4,25.61428571,9.167857143,256.7,94.1,100.2,76.71428571,30.96428571
23/01/2025,30.9,23.7,26.1,14.7,88,99,65,8.3,314,1007.2,25.47142857,8.225,230.3,96.3,98.5,77.14285714,27.82142857
24/01/2025,29.2,23,25,17.7,92,99,73,11.6,335,1007.2,25.5,7.292857143,204.2,81.6,83.8,76.28571429,24.67857143
25/01/2025,30.3,22.6,25.7,16.6,89,99,68,7.7,162,1007,25.6,6.4,179.2,66.1,66.1,73.85714286,21.39285714
26/01/2025,28.6,23.2,25.3,16.8,92,100,76,6.5,41,1007.3,21.92857143,5.482142857,153.5,49.5,49.5,72.85714286,18.21428571
27/01/2025,30.4,22.5,26,9.5,88,100,71,9.7,118,1006.5,18.31428571,4.578571429,128.2,32.7,32.7,59.71428571,14.92857143
28/01/2025,26.6,23.5,24.8,17.1,91,97,86,13.7,109,1008.8,14.6,3.65,102.2,23.2,23.2,47.14285714,11.78571429
29/01/2025,30.4,22.7,25.4,3.9,82,94,63,13.4,112,1009.8,11.05714286,2.764285714,77.4,6.1,6.1,34.14285714,8.535714286
30/01/2025,30.6,22.5,26.3,0,75,90,54,7.1,146,1008.1,7.428571429,1.857142857,52,2.2,2.2,22.42857143,5.607142857
31/01/2025,30,22.5,25.7,2.2,82,94,64,11.9,349,1007.4,3.671428571,0.917857143,25.7,2.2,2.2,11.71428571,2.928571429
